decor_texture_code,Available
H1367 ST40,Edging
H1367 ST40,Laminates
H1367 ST40,Decorative Faced Boards
H1385 ST40,Edging
H1385 ST40,Laminates
H1385 ST40,Decorative Faced Boards
H1386 ST40,Edging
H1386 ST40,Laminates
H1386 ST40,Decorative Faced Boards
H1369 ST40,Edging
H1369 ST40,Laminates
H1369 ST40,Decorative Faced Boards
H1176 ST37,Edging
H1176 ST37,Laminates
H1176 ST37,Decorative Faced Boards
H1180 ST37,Compact Laminate
H1180 ST37,Edging
H1180 ST37,Laminates
H1180 ST37,Decorative Faced Boards
H1180 ST37,Splashbacks
H1181 ST37,Edging
H1181 ST37,Laminates
H1181 ST37,Decorative Faced Boards
H3176 ST37,Edging
H3176 ST37,Laminates
H3176 ST37,Decorative Faced Boards
H3176 ST37,Splashbacks
H3176 ST37,Upstands
H3180 TM37,Edging
H3180 TM37,PerfectSense Lacquered Boards
H3406 ST38,Edging
H3406 ST38,Laminates
H3406 ST38,Decorative Faced Boards
H3408 ST38,Edging
H3408 ST38,Laminates
H3408 ST38,Decorative Faced Boards
H3409 ST38,Edging
H3409 ST38,Laminates
H3409 ST38,Decorative Faced Boards
H1250 ST36,Edging
H1250 ST36,Laminates
H1250 ST36,Decorative Faced Boards
H1377 ST36,Edging
H1377 ST36,Laminates
H1377 ST36,Decorative Faced Boards
H1379 ST36,Edging
H1379 ST36,Laminates
H1379 ST36,Decorative Faced Boards
H3154 ST36,Edging
H3154 ST36,Laminates
H3154 ST36,Decorative Faced Boards
H1142 ST36,Edging
H1142 ST36,Laminates
H1142 ST36,Decorative Faced Boards
H1143 ST36,Edging
H1143 ST36,Laminates
H1143 ST36,Decorative Faced Boards
H3359 ST32,Edging
H3359 ST32,Laminates
H3359 ST32,Decorative Faced Boards
H3359 ST32,Splashbacks
H3359 ST32,Upstands
H1344 ST32,Edging
H1344 ST32,Laminates
H1344 ST32,Decorative Faced Boards
H1344 ST32,Splashbacks
H1344 ST32,Upstands
H1346 ST32,Edging
H1346 ST32,Laminates
H1346 ST32,Decorative Faced Boards
H3311 ST28,Edging
H3311 ST28,Laminates
H3311 ST28,Decorative Faced Boards
H3311 TM28,Edging
H3311 TM28,PerfectSense Lacquered Boards
H3317 ST28,Edging
H3317 ST28,Laminates
H3317 ST28,Decorative Faced Boards
H3309 ST28,Edging
H3309 ST28,Laminates
H3309 ST28,Decorative Faced Boards
H3326 ST28,Edging
H3326 ST28,Laminates
H3326 ST28,Decorative Faced Boards
H3325 ST28,Edging
H3325 ST28,Laminates
H3325 ST28,Decorative Faced Boards
H3342 TM28,Edging
H3342 TM28,PerfectSense Lacquered Boards
H3342 TM12,Laminates
H3311 TM12,Laminates
H3180 TM12,Laminates
H3041 TM12,Edging
H3041 TM12,Laminates
H3041 TM12,PerfectSense Lacquered Boards
H1227 TM12,Edging
H1227 TM12,Laminates
H1227 TM12,PerfectSense Lacquered Boards
H1228 TM12,Edging
H1228 TM12,Laminates
H1228 TM12,PerfectSense Lacquered Boards
H1204 TM22,Edging
H1204 TM22,Laminates
H1204 TM22,PerfectSense Lacquered Boards
H180 ST86,Laminates
H193 ST12,Edging
H193 ST12,Laminates
H193 ST12,Upstands
H193 ST12,Worktops
H194 ST12,Edging
H194 ST12,Laminates
H194 ST12,Upstands
H194 ST12,Worktops
H305 ST12,Edging
H305 ST12,Laminates
H305 ST12,Decorative Faced Boards
H307 G4,Laminates
H309 ST12,Edging
H309 ST12,Laminates
H309 ST12,Decorative Faced Boards
H357 G4,Laminates
H358 G4,Laminates
H433 ST86,Laminates
H1113 ST10,Compact Laminate
H1113 ST10,Edging
H1113 ST10,Laminates
H1113 ST10,Decorative Faced Boards
H1133 ST10,Laminates
H1145 ST10,Compact Laminate
H1145 ST10,Edging
H1145 ST10,Laminates
H1145 ST10,Decorative Faced Boards
H1146 ST10,Edging
H1146 ST10,Laminates
H1146 ST10,Splashbacks
H1146 ST10,Upstands
H1146 ST10,Worktops
H1180 ST22,Laminates
H1199 ST12,Edging
H1199 ST12,Laminates
H1199 ST12,Decorative Faced Boards
H1223 ST19,Edging
H1223 ST19,Laminates
H1223 ST19,Decorative Faced Boards
H1225 ST12,Edging
H1225 ST12,Laminates
H1225 ST12,Decorative Faced Boards
H1225 ST10,Compact Laminate
H1242 ST10,Compact Laminate
H1242 ST10,Edging
H1242 ST10,Laminates
H1242 ST10,Decorative Faced Boards
H1277 ST9,Compact Laminate
H1277 ST9,Edging
H1277 ST9,Laminates
H1277 ST9,Decorative Faced Boards
H1303 ST12,Edging
H1303 ST12,Laminates
H1303 ST12,Decorative Faced Boards
H1307 ST19,Edging
H1307 ST19,Laminates
H1307 ST19,Decorative Faced Boards
H1312 ST10,Compact Laminate
H1312 ST10,Edging
H1312 ST10,Laminates
H1312 ST10,Decorative Faced Boards
H1313 ST10,Compact Laminate
H1313 ST10,Edging
H1313 ST10,Laminates
H1313 ST10,Decorative Faced Boards
H1313 ST10,Upstands
H1318 ST10,Compact Laminate
H1318 ST10,Edging
H1318 ST10,Laminates
H1318 ST10,Decorative Faced Boards
H1330 ST10,Compact Laminate
H1330 ST10,Edging
H1330 ST10,Laminates
H1330 ST10,Decorative Faced Boards
H1357 ST10,Compact Laminate
H1357 ST10,Edging
H1357 ST10,Laminates
H1357 ST10,Decorative Faced Boards
H1362 ST12,Edging
H1362 ST12,Laminates
H1362 ST12,Decorative Faced Boards
H1399 ST10,Edging
H1399 ST10,Laminates
H1399 ST10,Decorative Faced Boards
H1401 ST22,Compact Laminate
H1401 ST22,Edging
H1401 ST22,Laminates
H1401 ST22,Decorative Faced Boards
H1401 ST22,Splashbacks
H1487 ST22,Compact Laminate
H1487 ST22,Edging
H1487 ST22,Laminates
H1487 ST22,Decorative Faced Boards
H1636 ST12,Edging
H1636 ST12,Laminates
H1636 ST12,Decorative Faced Boards
H1636 ST9,Compact Laminate
H1710 ST10,Compact Laminate
H1710 ST10,Edging
H1710 ST10,Laminates
H1710 ST10,Decorative Faced Boards
H1714 ST19,Edging
H1714 ST19,Laminates
H1714 ST19,Decorative Faced Boards
H1715 ST12,Edging
H1715 ST12,Laminates
H1715 ST12,Decorative Faced Boards
H1732 ST9,Compact Laminate
H1732 ST9,Edging
H1732 ST9,Laminates
H1732 ST9,Decorative Faced Boards
H1910 ST9,Compact Laminate
H1910 ST9,Edging
H1910 ST9,Laminates
H1910 ST9,Decorative Faced Boards
H2033 ST10,Compact Laminate
H2033 ST10,Edging
H2033 ST10,Laminates
H2033 ST10,Decorative Faced Boards
H2033 ST10,Splashbacks
H3003 ST19,Edging
H3003 ST19,Laminates
H3003 ST19,Decorative Faced Boards
H3012 ST22,Compact Laminate
H3012 ST22,Edging
H3012 ST22,Laminates
H3012 ST22,Decorative Faced Boards
H3043 ST12,Edging
H3043 ST12,Laminates
H3043 ST12,Decorative Faced Boards
H3131 ST12,Edging
H3131 ST12,Laminates
H3131 ST12,Decorative Faced Boards
H3133 ST12,Edging
H3133 ST12,Laminates
H3133 ST12,Decorative Faced Boards
H3133 ST9,Compact Laminate
H3146 ST19,Edging
H3146 ST19,Laminates
H3146 ST19,Decorative Faced Boards
H3146 ST22,Compact Laminate
H3152 ST19,Edging
H3152 ST19,Laminates
H3152 ST19,Decorative Faced Boards
H3156 ST12,Edging
H3156 ST12,Laminates
H3156 ST12,Decorative Faced Boards
H3156 ST9,Compact Laminate
H3157 ST12,Edging
H3157 ST12,Laminates
H3157 ST12,Decorative Faced Boards
H3157 ST12,Upstands
H3157 ST12,Worktops
H3157 ST9,Compact Laminate
H3158 ST19,Edging
H3158 ST19,Laminates
H3158 ST19,Decorative Faced Boards
H3158 ST22,Compact Laminate
H3165 ST12,Edging
H3165 ST12,Laminates
H3165 ST12,Decorative Faced Boards
H3170 ST12,Edging
H3170 ST12,Laminates
H3170 ST12,Decorative Faced Boards
H3170 ST9,Compact Laminate
H3171 ST12,Edging
H3171 ST12,Laminates
H3171 ST12,Decorative Faced Boards
H3171 ST9,Compact Laminate
H3190 ST19,Edging
H3190 ST19,Laminates
H3190 ST19,Decorative Faced Boards
H3195 ST19,Edging
H3195 ST19,Laminates
H3195 ST19,Decorative Faced Boards
H3197 ST19,Edging
H3197 ST19,Laminates
H3197 ST19,Decorative Faced Boards
H3198 ST19,Edging
H3198 ST19,Laminates
H3198 ST19,Decorative Faced Boards
H3303 ST10,Compact Laminate
H3303 ST10,Edging
H3303 ST10,Laminates
H3303 ST10,Decorative Faced Boards
H3303 ST10,Splashbacks
H3331 ST10,Compact Laminate
H3331 ST10,Edging
H3331 ST10,Laminates
H3331 ST10,Decorative Faced Boards
H3332 ST10,Compact Laminate
H3332 ST10,Edging
H3332 ST10,Laminates
H3332 ST10,Decorative Faced Boards
H3349 ST19,Edging
H3349 ST19,Laminates
H3349 ST19,Decorative Faced Boards
H3368 ST9,Compact Laminate
H3368 ST9,Edging
H3368 ST9,Laminates
H3368 ST9,Decorative Faced Boards
H3395 ST12,Edging
H3395 ST12,Laminates
H3395 ST12,Decorative Faced Boards
H3395 ST9,Compact Laminate
H3398 ST12,Edging
H3398 ST12,Laminates
H3398 ST12,Decorative Faced Boards
H3398 ST9,Compact Laminate
H3430 ST22,Compact Laminate
H3430 ST22,Edging
H3430 ST22,Laminates
H3430 ST22,Decorative Faced Boards
H3433 ST22,Compact Laminate
H3433 ST22,Edging
H3433 ST22,Laminates
H3433 ST22,Decorative Faced Boards
H3450 ST22,Compact Laminate
H3450 ST22,Edging
H3450 ST22,Laminates
H3450 ST22,Decorative Faced Boards
H3700 ST10,Compact Laminate
H3700 ST10,Edging
H3700 ST10,Laminates
H3700 ST10,Decorative Faced Boards
H3702 ST10,Edging
H3702 ST10,Laminates
H3702 ST10,Decorative Faced Boards
H3710 ST12,Edging
H3710 ST12,Laminates
H3710 ST12,Decorative Faced Boards
H3710 ST9,Compact Laminate
H3730 ST10,Compact Laminate
H3730 ST10,Edging
H3730 ST10,Laminates
H3730 ST10,Decorative Faced Boards
H3734 ST9,Compact Laminate
H3734 ST9,Edging
H3734 ST9,Laminates
H3734 ST9,Decorative Faced Boards
H3840 ST9,Edging
H3840 ST9,Laminates
H3840 ST9,Decorative Faced Boards
H3860 ST9,Edging
H3860 ST9,Laminates
H3860 ST9,Decorative Faced Boards
F032 ST78,Edging
F032 ST78,Laminates
F032 ST78,Upstands
F032 ST78,Worktops
F052 ST75,Edging
F052 ST75,Laminates
F052 ST75,Splashbacks
F052 ST75,Upstands
F052 ST75,Worktops
F074 ST75,Edging
F074 ST75,Laminates
F074 ST75,Splashbacks
F074 ST75,Upstands
F074 ST75,Worktops
F076 ST75,Edging
F076 ST75,Laminates
F076 ST75,Splashbacks
F076 ST75,Upstands
F076 ST75,Worktops
F121 ST87,Edging
F121 ST87,Laminates
F121 ST87,Upstands
F121 ST87,Worktops
F186 ST9,Compact Laminate
F186 ST9,Edging
F186 ST9,Laminates
F186 ST9,Decorative Faced Boards
F186 ST9,Splashbacks
F187 ST9,Compact Laminate
F187 ST9,Edging
F187 ST9,Laminates
F187 ST9,Decorative Faced Boards
F206 ST9,Edging
F206 ST9,Laminates
F206 ST9,Decorative Faced Boards
F206 ST9,Splashbacks
F206 ST9,Upstands
F226 ST78,Edging
F226 ST78,Laminates
F226 ST78,Splashbacks
F226 ST78,Upstands
F226 ST78,Worktops
F226 ST87,Compact Laminate
F228 ST87,Compact Laminate
F229 ST75,Edging
F229 ST75,Laminates
F229 ST75,Upstands
F229 ST75,Worktops
F235 ST76,Edging
F235 ST76,Laminates
F235 ST76,Decorative Faced Boards
F235 ST76,Upstands
F235 ST76,Worktops
F237 ST76,Compact Laminate
F237 ST76,Edging
F237 ST76,Laminates
F237 ST76,Decorative Faced Boards
F237 ST76,Upstands
F243 ST76,Compact Laminate
F243 ST76,Edging
F243 ST76,Laminates
F243 ST76,Decorative Faced Boards
F243 ST76,Splashbacks
F244 ST76,Compact Laminate
F244 ST76,Edging
F244 ST76,Laminates
F244 ST76,Decorative Faced Boards
F244 ST76,Upstands
F247 ST76,Edging
F247 ST76,Laminates
F247 ST76,Splashbacks
F247 ST76,Upstands
F247 ST76,Worktops
F302 ST87,Compact Laminate
F311 ST87,Compact Laminate
F323 ST20,Edging
F323 ST20,Laminates
F323 ST20,Decorative Faced Boards
F416 ST10,Compact Laminate
F416 ST10,Edging
F416 ST10,Laminates
F416 ST10,Decorative Faced Boards
F417 ST10,Compact Laminate
F417 ST10,Edging
F417 ST10,Laminates
F417 ST10,Decorative Faced Boards
F422 ST10,Compact Laminate
F422 ST10,Edging
F422 ST10,Laminates
F422 ST10,Decorative Faced Boards
F424 ST10,Compact Laminate
F424 ST10,Edging
F424 ST10,Laminates
F424 ST10,Decorative Faced Boards
F433 ST10,Compact Laminate
F433 ST10,Edging
F433 ST10,Laminates
F433 ST10,Decorative Faced Boards
F434 ST20,Edging
F434 ST20,Laminates
F434 ST20,Decorative Faced Boards
F486 ST76,Edging
F486 ST76,Laminates
F486 ST76,Splashbacks
F486 ST76,Upstands
F486 ST76,Worktops
F487 ST76,Edging
F487 ST76,Laminates
F487 ST76,Splashbacks
F487 ST76,Upstands
F487 ST76,Worktops
F490 ST76,Edging
F490 ST76,Laminates
F490 ST76,Upstands
F490 ST76,Worktops
F500 ST20,Edging
F500 ST20,Laminates
F500 ST20,Decorative Faced Boards
F527 ST20,Edging
F527 ST20,Laminates
F527 ST20,Decorative Faced Boards
F528 ST20,Edging
F528 ST20,Laminates
F528 ST20,Decorative Faced Boards
F620 ST87,Edging
F620 ST87,Laminates
F620 ST87,Upstands
F620 ST87,Worktops
F634 ST76,Compact Laminate
F634 ST76,Edging
F634 ST76,Laminates
F634 ST76,Decorative Faced Boards
F635 ST76,Compact Laminate
F635 ST76,Edging
F635 ST76,Laminates
F635 ST76,Decorative Faced Boards
F637 ST10,Compact Laminate
F637 ST10,Edging
F637 ST10,Laminates
F637 ST10,Decorative Faced Boards
F637 ST10,Upstands
F638 ST10,Compact Laminate
F638 ST10,Edging
F638 ST10,Laminates
F638 ST10,Decorative Faced Boards
F638 ST10,Splashbacks
F676 ST75,Edging
F676 ST75,Laminates
F676 ST75,Upstands
F676 ST75,Worktops
F685 ST10,Compact Laminate
F685 ST10,Edging
F685 ST10,Laminates
F685 ST10,Decorative Faced Boards
F765 ST20,Edging
F765 ST20,Laminates
F765 ST20,Decorative Faced Boards
F800 ST9,Compact Laminate
F800 ST9,Edging
F800 ST9,Laminates
F800 ST9,Decorative Faced Boards
F800 ST9,Splashbacks
F812 ST9,Compact Laminate
F812 ST9,Edging
F812 ST9,Laminates
F812 ST9,Decorative Faced Boards
F812 ST9,Upstands
W1000 ST9,Compact Laminate
W1000 ST9,Edging
W1000 ST9,Laminates
W1000 ST9,Decorative Faced Boards
W1000 ST19,Edging
W1000 ST19,Laminates
W1000 ST19,Decorative Faced Boards
W1000 ST38,Edging
W1000 ST38,Laminates
W1000 ST38,Decorative Faced Boards
W1000 ST76,Edging
W1000 ST76,Laminates
W1000 ST76,Upstands
W1000 ST76,Worktops
W1000 G4,Laminates
W1000 TM9,Edging
W1000 TM9,Laminates
W1000 TM9,PerfectSense Lacquered Boards
W1000 PM,Edging
W1000 PM,Laminates
W1000 PM,PerfectSense Lacquered Boards
W1001 ST9,Laminates
W1001,Laminates
W1100 ST9,Compact Laminate
W1100 ST9,Edging
W1100 ST9,Laminates
W1100 ST9,Decorative Faced Boards
W1100,Edging
W1100,Laminates
W1100,PerfectSense Lacquered Boards
W1100 PM,Edging
W1100 PM,Laminates
W1100 PM,PerfectSense Lacquered Boards
W1101 ST9,Compact Laminate
W1101 ST9,Laminates
W1101 ST76,Compact Laminate
W1200 ST9,Compact Laminate
W1200 ST9,Edging
W1200 ST9,Laminates
W1200 ST9,Decorative Faced Boards
U740 PM,Laminates
W980,Edging
W980,Laminates
W980,Decorative Faced Boards
U8920 R1,Edging
W990 ST7,Edging
W990 ST7,Laminates
W990 ST7,Decorative Faced Boards
W990 ST9,Compact Laminate
W990 ST9,Edging
W990 ST9,Laminates
W990 ST9,Decorative Faced Boards
U104 ST9,Compact Laminate
U104 ST9,Edging
U104 ST9,Laminates
U104 ST9,Decorative Faced Boards
U113 ST9,Edging
U113 ST9,Laminates
U113 ST9,Decorative Faced Boards
U114 ST9,Compact Laminate
U114 ST9,Edging
U114 ST9,Laminates
U114 ST9,Decorative Faced Boards
U115 ST9,Edging
U115 ST9,Laminates
U115 ST9,Decorative Faced Boards
U125 ST9,Compact Laminate
U125 ST9,Edging
U125 ST9,Laminates
U125 ST9,Decorative Faced Boards
U131 ST9,Edging
U131 ST9,Laminates
U131 ST9,Decorative Faced Boards
U156 ST9,Edging
U156 ST9,Laminates
U156 ST9,Decorative Faced Boards
U163 ST9,Edging
U163 ST9,Laminates
U163 ST9,Decorative Faced Boards
U201 ST9,Compact Laminate
U201 ST9,Edging
U201 ST9,Laminates
U201 ST9,Decorative Faced Boards
U201 TM9,Edging
U201 TM9,Laminates
U201 TM9,PerfectSense Lacquered Boards
U201 PM,Laminates
U211 ST9,Edging
U211 ST9,Laminates
U211 ST9,Decorative Faced Boards
U216 ST9,Edging
U216 ST9,Laminates
U216 ST9,Decorative Faced Boards
U222 ST9,Edging
U222 ST9,Laminates
U222 ST9,Decorative Faced Boards
U232 ST9,Edging
U232 ST9,Laminates
U232 ST9,Decorative Faced Boards
U311 ST9,Compact Laminate
U311 ST9,Edging
U311 ST9,Laminates
U311 ST9,Decorative Faced Boards
U321 ST9,Edging
U321 ST9,Laminates
U321 ST9,Decorative Faced Boards
U323 ST9,Compact Laminate
U323 ST9,Edging
U323 ST9,Laminates
U323 ST9,Decorative Faced Boards
U325 ST9,Edging
U325 ST9,Laminates
U325 ST9,Decorative Faced Boards
U332 ST9,Edging
U332 ST9,Laminates
U332 ST9,Decorative Faced Boards
U335 ST9,Compact Laminate
U335 ST9,Edging
U335 ST9,Laminates
U335 ST9,Decorative Faced Boards
U350 ST9,Edging
U350 ST9,Laminates
U350 ST9,Decorative Faced Boards
U363 ST9,Edging
U363 ST9,Laminates
U363 ST9,Decorative Faced Boards
U399 ST9,Edging
U399 ST9,Laminates
U399 ST9,Decorative Faced Boards
U399 PM,Edging
U399 PM,Laminates
U399 PM,PerfectSense Lacquered Boards
U420 ST9,Edging
U420 ST9,Laminates
U420 ST9,Decorative Faced Boards
U430 ST9,Edging
U430 ST9,Laminates
U430 ST9,Decorative Faced Boards
U500 ST9,Edging
U500 ST9,Laminates
U500 ST9,Decorative Faced Boards
U502 ST9,Edging
U502 ST9,Laminates
U502 ST9,Decorative Faced Boards
U504 ST9,Compact Laminate
U504 ST9,Edging
U504 ST9,Laminates
U504 ST9,Decorative Faced Boards
U505 ST9,Edging
U505 ST9,Laminates
U505 ST9,Decorative Faced Boards
U522 ST9,Edging
U522 ST9,Laminates
U522 ST9,Decorative Faced Boards
U525 ST9,Compact Laminate
U525 ST9,Edging
U525 ST9,Laminates
U525 ST9,Decorative Faced Boards
U540 ST9,Compact Laminate
U540 ST9,Edging
U540 ST9,Laminates
U540 ST9,Decorative Faced Boards
U545 ST9,Edging
U545 ST9,Laminates
U545 ST9,Decorative Faced Boards
U560 ST9,Edging
U560 ST9,Laminates
U560 ST9,Decorative Faced Boards
U565 ST9,Edging
U565 ST9,Laminates
U565 ST9,Decorative Faced Boards
U570 ST9,Edging
U570 ST9,Laminates
U570 ST9,Decorative Faced Boards
U575 ST9,Edging
U575 ST9,Laminates
U575 ST9,Decorative Faced Boards
U599 ST9,Compact Laminate
U599 ST9,Edging
U599 ST9,Laminates
U599 ST9,Decorative Faced Boards
U599 PM,Edging
U599 PM,Laminates
U599 PM,PerfectSense Lacquered Boards
U604 ST9,Compact Laminate
U604 ST9,Edging
U604 ST9,Laminates
U604 ST9,Decorative Faced Boards
U606 ST9,Edging
U606 ST9,Laminates
U606 ST9,Decorative Faced Boards
U608 ST9,Edging
U608 ST9,Laminates
U608 ST9,Decorative Faced Boards
U626 ST9,Edging
U626 ST9,Laminates
U626 ST9,Decorative Faced Boards
U630 ST9,Edging
U630 ST9,Laminates
U630 ST9,Decorative Faced Boards
U633 ST9,Edging
U633 ST9,Laminates
U633 ST9,Decorative Faced Boards
U636 ST9,Edging
U636 ST9,Laminates
U636 ST9,Decorative Faced Boards
U638 ST9,Compact Laminate
U638 ST9,Edging
U638 ST9,Laminates
U638 ST9,Decorative Faced Boards
U640 ST9,Edging
U640 ST9,Laminates
U640 ST9,Decorative Faced Boards
U645 ST9,Edging
U645 ST9,Laminates
U645 ST9,Decorative Faced Boards
U646 ST9,Compact Laminate
U646 ST9,Edging
U646 ST9,Laminates
U646 ST9,Decorative Faced Boards
U665 ST9,Compact Laminate
U665 ST9,Edging
U665 ST9,Laminates
U665 ST9,Decorative Faced Boards
U665 PM,Edging
U665 PM,Laminates
U665 PM,PerfectSense Lacquered Boards
U699 ST9,Compact Laminate
U699 ST9,Edging
U699 ST9,Laminates
U699 ST9,Decorative Faced Boards
U702 ST9,Compact Laminate
U702 ST9,Edging
U702 ST9,Laminates
U702 ST9,Decorative Faced Boards
U702,Edging
U702,Laminates
U702,PerfectSense Lacquered Boards
U702 PM,Edging
U702 PM,Laminates
U702 PM,PerfectSense Lacquered Boards
U7021 ST9,Laminates
U705 ST9,Compact Laminate
U705 ST9,Edging
U705 ST9,Laminates
U705 ST9,Decorative Faced Boards
U705 PM,Edging
U705 PM,Laminates
U705 PM,PerfectSense Lacquered Boards
U707 ST9,Compact Laminate
U707 ST9,Edging
U707 ST9,Laminates
U707 ST9,Decorative Faced Boards
U708 ST9,Compact Laminate
U708 ST9,Edging
U708 ST9,Laminates
U708 ST9,Decorative Faced Boards
U708,Edging
U708,Laminates
U708,PerfectSense Lacquered Boards
U708 PM,Edging
U708 PM,Laminates
U708 PM,PerfectSense Lacquered Boards
U7081 ST9,Compact Laminate
U7081 ST9,Laminates
U727 ST9,Compact Laminate
U727 ST9,Edging
U727 ST9,Laminates
U727 ST9,Decorative Faced Boards
U732 ST9,Compact Laminate
U732 ST9,Edging
U732 ST9,Laminates
U732 ST9,Decorative Faced Boards
U732,Edging
U732,Laminates
U732,PerfectSense Lacquered Boards
U732 PM,Edging
U732 PM,Laminates
U732 PM,PerfectSense Lacquered Boards
U740 ST9,Compact Laminate
U740 ST9,Edging
U740 ST9,Laminates
U740 ST9,Decorative Faced Boards
U740 TM9,Edging
U740 TM9,Laminates
U740 TM9,PerfectSense Lacquered Boards
U741 ST9,Compact Laminate
U741 ST9,Edging
U741 ST9,Laminates
U741 ST9,Decorative Faced Boards
U748 ST9,Compact Laminate
U748 ST9,Edging
U748 ST9,Laminates
U748 ST9,Decorative Faced Boards
U750 ST9,Compact Laminate
U750 ST9,Edging
U750 ST9,Laminates
U750 ST9,Decorative Faced Boards
U750 TM9,Edging
U750 TM9,Laminates
U750 TM9,PerfectSense Lacquered Boards
U750 PM,Laminates
U763 ST9,Compact Laminate
U763 ST9,Edging
U763 ST9,Laminates
U763 ST9,Decorative Faced Boards
U767 ST9,Compact Laminate
U767 ST9,Edging
U767 ST9,Laminates
U767 ST9,Decorative Faced Boards
U767 PM,Edging
U767 PM,Laminates
U767 PM,PerfectSense Lacquered Boards
U775 ST9,Compact Laminate
U775 ST9,Edging
U775 ST9,Laminates
U775 ST9,Decorative Faced Boards
U780 ST9,Compact Laminate
U780 ST9,Edging
U780 ST9,Laminates
U780 ST9,Decorative Faced Boards
U788 ST9,Compact Laminate
U788 ST9,Edging
U788 ST9,Laminates
U788 ST9,Decorative Faced Boards
U818 ST9,Compact Laminate
U818 ST9,Edging
U818 ST9,Laminates
U818 ST9,Decorative Faced Boards
U830 ST9,Edging
U830 ST9,Laminates
U830 ST9,Decorative Faced Boards
U899 ST9,Compact Laminate
U899 ST9,Edging
U899 ST9,Laminates
U899 ST9,Decorative Faced Boards
U8991 ST9,Laminates
U960 ST9,Compact Laminate
U960 ST9,Edging
U960 ST9,Laminates
U960 ST9,Decorative Faced Boards
U960 TM9,Edging
U960 TM9,Laminates
U960 TM9,PerfectSense Lacquered Boards
U960 PM,Laminates
U8921 R1,Edging
U961 PM,Edging
U961 PM,Laminates
U961 PM,PerfectSense Lacquered Boards
U963 ST9,Compact Laminate
U963 ST9,Edging
U963 ST9,Laminates
U963 ST9,Decorative Faced Boards
U9631 ST9,Compact Laminate
U9631 ST9,Laminates
U968 ST9,Compact Laminate
U968 ST9,Edging
U968 ST9,Laminates
U968 ST9,Decorative Faced Boards
U968 TM9,Edging
U968 TM9,Laminates
U968 TM9,PerfectSense Lacquered Boards
U968 PM,Laminates
U989 ST9,Compact Laminate
U989 ST9,Edging
U989 ST9,Laminates
U989 ST9,Decorative Faced Boards
U998 ST38,Edging
U998 ST38,Laminates
U998 ST38,Decorative Faced Boards
U999 ST7,Compact Laminate
U999 ST7,Edging
U999 ST7,Laminates
U999 ST7,Decorative Faced Boards
U999 ST12,Edging
U999 ST12,Laminates
U999 ST12,Decorative Faced Boards
U999 ST19,Edging
U999 ST19,Laminates
U999 ST19,Decorative Faced Boards
U999 ST20,Edging
U999 ST20,Laminates
U999 ST20,Decorative Faced Boards
U999 TM12,Laminates
U999 ST76,Compact Laminate
U999 ST87,Compact Laminate
U999 G4,Laminates
U999 TM9,Edging
U999 TM9,Laminates
U999 TM9,PerfectSense Lacquered Boards
U999 TM28,Edging
U999 TM28,PerfectSense Lacquered Boards
U999,Edging
U999,Laminates
U999,PerfectSense Lacquered Boards
U999 PM,Edging
U999 PM,Laminates
U999 PM,PerfectSense Lacquered Boards
Q1180 RO,Edging
Q1344 RO,Edging
Q3176 RO,Edging
Q3359 RO,Edging
F8930 R2,Edging
F8931 R2,Edging
F8980,Edging
H8906 ST10,Edging
H8911 ST10,Edging
H8912 ST10,Edging
H8913 ST10,Edging
H8955,Edging
U8922 R1,Edging
U961 ST7,Compact Laminate
U961 ST7,Edging
U961 ST7,Laminates
U961 ST7,Decorative Faced Boards
H1384 ST40,Edging
H1384 ST40,Laminates
H1384 ST40,Decorative Faced Boards
U9991 PM,Laminates
W1101 PM,Laminates
W8904 R1,Edging
W960 ST7,Edging
W960 ST7,Laminates
W960 ST7,Decorative Faced Boards
W960,Edging
W960,Laminates
W960,Decorative Faced Boards
W980 ST7,Compact Laminate
W980 ST7,Edging
W980 ST7,Laminates
W980 ST7,Decorative Faced Boards
